customer_id,customer_segment,historical_success_rate,average_transaction_amount,previous_transactions,previous_failures
CUST_00001,MEDIUM_RELIABILITY,0.73,9531.79,8,2
CUST_00002,MEDIUM_RELIABILITY,0.81,6187.26,36,6
CUST_00003,HIGH_RELIABILITY,0.9,3183.92,99,9
CUST_00004,HIGH_RELIABILITY,0.89,13126.47,99,10
CUST_00005,LOW_RELIABILITY,0.52,5014.89,16,7
CUST_00006,MEDIUM_RELIABILITY,0.65,9714.14,9,3
CUST_00007,HIGH_RELIABILITY,0.97,3972.75,32,0
CUST_00008,HIGH_RELIABILITY,0.9,3567.66,82,8
CUST_00009,HIGH_RELIABILITY,0.91,8346.59,30,2
CUST_00010,MEDIUM_RELIABILITY,0.75,3266.68,94,23
CUST_00011,MEDIUM_RELIABILITY,0.78,1825.19,33,7
CUST_00012,MEDIUM_RELIABILITY,0.71,3980.44,40,11
CUST_00013,LOW_RELIABILITY,0.48,5539.2,5,2
CUST_00014,MEDIUM_RELIABILITY,0.69,5385.23,25,7
CUST_00015,MEDIUM_RELIABILITY,0.78,941.28,48,10
CUST_00016,HIGH_RELIABILITY,0.95,3387.34,32,1
CUST_00017,LOW_RELIABILITY,0.37,6652.42,48,30
CUST_00018,HIGH_RELIABILITY,0.99,12317.56,53,0
CUST_00019,HIGH_RELIABILITY,0.91,2367.41,49,4
CUST_00020,MEDIUM_RELIABILITY,0.8,4681.45,10,1
CUST_00021,MEDIUM_RELIABILITY,0.68,5204.18,73,23
CUST_00022,HIGH_RELIABILITY,0.88,13730.49,53,6
CUST_00023,HIGH_RELIABILITY,0.91,10275.31,42,3
CUST_00024,LOW_RELIABILITY,0.44,3736.46,84,47
CUST_00025,LOW_RELIABILITY,0.51,1457.01,51,24
CUST_00026,MEDIUM_RELIABILITY,0.86,7863.76,95,13
CUST_00027,HIGH_RELIABILITY,0.98,13527.58,89,1
CUST_00028,HIGH_RELIABILITY,0.95,13906.24,42,2
CUST_00029,LOW_RELIABILITY,0.38,1532.68,34,21
CUST_00030,LOW_RELIABILITY,0.36,2412.25,53,33
CUST_00031,HIGH_RELIABILITY,0.92,4798.89,86,6
CUST_00032,LOW_RELIABILITY,0.59,2625.92,25,10
CUST_00033,MEDIUM_RELIABILITY,0.71,5655.61,31,8
CUST_00034,MEDIUM_RELIABILITY,0.68,8120.87,94,30
CUST_00035,LOW_RELIABILITY,0.37,6910.83,87,54
CUST_00036,HIGH_RELIABILITY,0.96,3782.02,86,3
CUST_00037,HIGH_RELIABILITY,0.88,12416.46,98,11
CUST_00038,HIGH_RELIABILITY,0.96,11206.1,64,2
CUST_00039,MEDIUM_RELIABILITY,0.82,1203.42,86,15
CUST_00040,MEDIUM_RELIABILITY,0.73,1600.76,33,8
CUST_00041,MEDIUM_RELIABILITY,0.84,6421.33,12,1
CUST_00042,HIGH_RELIABILITY,0.92,1889.82,9,0
CUST_00043,LOW_RELIABILITY,0.44,2411.25,56,31
CUST_00044,HIGH_RELIABILITY,0.96,9925.8,32,1
CUST_00045,LOW_RELIABILITY,0.61,3411.06,77,30
CUST_00046,LOW_RELIABILITY,0.38,5050.06,45,27
CUST_00047,HIGH_RELIABILITY,0.96,8857.88,68,2
CUST_00048,MEDIUM_RELIABILITY,0.82,5191.06,87,15
CUST_00049,MEDIUM_RELIABILITY,0.77,4561.64,38,8
CUST_00050,HIGH_RELIABILITY,0.88,2510.48,100,12
CUST_00051,MEDIUM_RELIABILITY,0.66,6545.9,38,12
CUST_00052,MEDIUM_RELIABILITY,0.72,5331.42,59,16
CUST_00053,LOW_RELIABILITY,0.61,1895.19,56,21
CUST_00054,MEDIUM_RELIABILITY,0.74,7677.74,22,5
CUST_00055,MEDIUM_RELIABILITY,0.7,1231.31,16,4
CUST_00056,MEDIUM_RELIABILITY,0.71,2031.6,19,5
CUST_00057,HIGH_RELIABILITY,0.98,12313.69,25,0
CUST_00058,MEDIUM_RELIABILITY,0.79,8778.88,59,12
CUST_00059,MEDIUM_RELIABILITY,0.83,2272.42,54,9
CUST_00060,MEDIUM_RELIABILITY,0.85,5623.75,64,9
CUST_00061,MEDIUM_RELIABILITY,0.83,9012.87,75,12
CUST_00062,LOW_RELIABILITY,0.44,948.35,6,3
CUST_00063,MEDIUM_RELIABILITY,0.7,4557.52,19,5
CUST_00064,MEDIUM_RELIABILITY,0.83,8676.94,73,12
CUST_00065,MEDIUM_RELIABILITY,0.65,5352.1,87,30
CUST_00066,HIGH_RELIABILITY,0.93,4109.51,42,2
CUST_00067,MEDIUM_RELIABILITY,0.68,3707.34,63,20
CUST_00068,HIGH_RELIABILITY,0.98,5524.84,97,1
CUST_00069,LOW_RELIABILITY,0.5,4980.53,38,19
CUST_00070,LOW_RELIABILITY,0.46,6808.12,27,14
CUST_00071,MEDIUM_RELIABILITY,0.86,2891.93,18,2
CUST_00072,LOW_RELIABILITY,0.49,2245.97,43,21
CUST_00073,LOW_RELIABILITY,0.43,450.83,69,39
CUST_00074,MEDIUM_RELIABILITY,0.78,5275.45,24,5
CUST_00075,MEDIUM_RELIABILITY,0.66,3147.14,25,8
CUST_00076,MEDIUM_RELIABILITY,0.85,2775.84,72,10
CUST_00077,LOW_RELIABILITY,0.39,3528.28,81,49
CUST_00078,HIGH_RELIABILITY,0.99,4388.77,7,0
CUST_00079,HIGH_RELIABILITY,0.95,11662.67,51,2
CUST_00080,LOW_RELIABILITY,0.42,5151.87,44,25
CUST_00081,HIGH_RELIABILITY,0.92,9852.28,35,2
CUST_00082,LOW_RELIABILITY,0.53,3843.27,15,7
CUST_00083,HIGH_RELIABILITY,0.89,12694.23,67,7
CUST_00084,LOW_RELIABILITY,0.44,1468.33,73,40
CUST_00085,MEDIUM_RELIABILITY,0.66,6113.48,21,7
CUST_00086,MEDIUM_RELIABILITY,0.8,657.58,75,14
CUST_00087,HIGH_RELIABILITY,0.94,4170.94,72,4
CUST_00088,LOW_RELIABILITY,0.54,1385.69,59,27
CUST_00089,LOW_RELIABILITY,0.55,2829.8,74,33
CUST_00090,MEDIUM_RELIABILITY,0.86,1806.45,93,13
CUST_00091,HIGH_RELIABILITY,0.92,2588.63,44,3
CUST_00092,MEDIUM_RELIABILITY,0.85,8834.72,90,13
CUST_00093,MEDIUM_RELIABILITY,0.71,6769.85,61,17
CUST_00094,LOW_RELIABILITY,0.59,3975.37,62,25
CUST_00095,HIGH_RELIABILITY,0.94,4385.93,33,1
CUST_00096,HIGH_RELIABILITY,0.89,13561.02,7,0
CUST_00097,MEDIUM_RELIABILITY,0.85,6514.46,34,5
CUST_00098,MEDIUM_RELIABILITY,0.72,3817.49,5,1
CUST_00099,HIGH_RELIABILITY,0.96,13559.54,85,3
CUST_00100,HIGH_RELIABILITY,0.98,11918.26,13,0
CUST_00101,LOW_RELIABILITY,0.54,772.15,47,21
CUST_00102,HIGH_RELIABILITY,0.9,13579.76,35,3
CUST_00103,HIGH_RELIABILITY,0.95,1128.76,67,3
CUST_00104,HIGH_RELIABILITY,0.89,10289.02,21,2
CUST_00105,MEDIUM_RELIABILITY,0.65,2027.68,78,27
CUST_00106,MEDIUM_RELIABILITY,0.77,7073.0,36,8
CUST_00107,MEDIUM_RELIABILITY,0.79,2630.56,57,11
CUST_00108,HIGH_RELIABILITY,0.96,4321.49,17,0
CUST_00109,MEDIUM_RELIABILITY,0.72,7591.67,50,14
CUST_00110,MEDIUM_RELIABILITY,0.79,8567.62,64,13
CUST_00111,LOW_RELIABILITY,0.54,4064.5,11,5
CUST_00112,MEDIUM_RELIABILITY,0.67,3993.3,87,28
CUST_00113,HIGH_RELIABILITY,0.91,4415.86,56,5
CUST_00114,MEDIUM_RELIABILITY,0.86,4234.43,18,2
CUST_00115,HIGH_RELIABILITY,0.98,9835.94,29,0
CUST_00116,MEDIUM_RELIABILITY,0.82,5275.05,22,3
CUST_00117,MEDIUM_RELIABILITY,0.78,5178.92,40,8
CUST_00118,MEDIUM_RELIABILITY,0.69,7363.3,14,4
CUST_00119,MEDIUM_RELIABILITY,0.71,731.0,75,21
CUST_00120,HIGH_RELIABILITY,0.95,3479.55,88,4
CUST_00121,LOW_RELIABILITY,0.62,6686.71,6,2
CUST_00122,LOW_RELIABILITY,0.62,2717.08,35,13
CUST_00123,HIGH_RELIABILITY,0.88,13996.46,67,8
CUST_00124,MEDIUM_RELIABILITY,0.74,9683.22,56,14
CUST_00125,LOW_RELIABILITY,0.63,6000.46,26,9
CUST_00126,MEDIUM_RELIABILITY,0.71,4158.43,54,15
CUST_00127,HIGH_RELIABILITY,0.97,5436.91,63,1
CUST_00128,HIGH_RELIABILITY,0.9,8795.22,94,9
CUST_00129,LOW_RELIABILITY,0.62,4933.0,76,28
CUST_00130,MEDIUM_RELIABILITY,0.78,1423.18,67,14
CUST_00131,HIGH_RELIABILITY,0.95,14860.75,42,2
CUST_00132,HIGH_RELIABILITY,0.9,8256.62,12,1
CUST_00133,MEDIUM_RELIABILITY,0.84,7537.3,74,11
CUST_00134,HIGH_RELIABILITY,0.96,10834.78,45,1
CUST_00135,HIGH_RELIABILITY,0.92,5110.29,79,6
CUST_00136,MEDIUM_RELIABILITY,0.83,8196.08,72,12
CUST_00137,HIGH_RELIABILITY,0.98,13785.37,70,1
CUST_00138,HIGH_RELIABILITY,0.94,8021.23,28,1
CUST_00139,HIGH_RELIABILITY,0.97,10099.5,13,0
CUST_00140,MEDIUM_RELIABILITY,0.8,8060.03,35,6
CUST_00141,MEDIUM_RELIABILITY,0.85,3710.95,77,11
CUST_00142,HIGH_RELIABILITY,0.92,2315.75,81,6
CUST_00143,HIGH_RELIABILITY,0.94,1503.19,15,0
CUST_00144,MEDIUM_RELIABILITY,0.75,5655.12,79,19
CUST_00145,MEDIUM_RELIABILITY,0.71,6112.92,45,13
CUST_00146,LOW_RELIABILITY,0.36,453.97,31,19
CUST_00147,MEDIUM_RELIABILITY,0.83,3921.81,45,7
CUST_00148,HIGH_RELIABILITY,0.89,8311.41,55,6
CUST_00149,HIGH_RELIABILITY,0.96,4021.49,87,3
CUST_00150,HIGH_RELIABILITY,0.95,2194.86,45,2
CUST_00151,LOW_RELIABILITY,0.36,3813.21,14,8
CUST_00152,HIGH_RELIABILITY,0.94,9924.02,84,5
CUST_00153,LOW_RELIABILITY,0.56,6835.79,17,7
CUST_00154,HIGH_RELIABILITY,0.94,5521.39,32,1
CUST_00155,MEDIUM_RELIABILITY,0.82,3072.91,21,3
CUST_00156,LOW_RELIABILITY,0.48,733.5,13,6
CUST_00157,LOW_RELIABILITY,0.36,6746.01,52,33
CUST_00158,HIGH_RELIABILITY,0.97,10743.64,61,1
CUST_00159,LOW_RELIABILITY,0.47,1378.4,95,50
CUST_00160,HIGH_RELIABILITY,0.9,4503.4,88,8
CUST_00161,MEDIUM_RELIABILITY,0.77,7288.66,90,20
CUST_00162,LOW_RELIABILITY,0.54,2103.55,43,19
CUST_00163,LOW_RELIABILITY,0.63,5217.7,18,6
CUST_00164,LOW_RELIABILITY,0.51,4359.7,22,10
CUST_00165,HIGH_RELIABILITY,0.93,4468.23,18,1
CUST_00166,MEDIUM_RELIABILITY,0.73,7699.54,24,6
CUST_00167,HIGH_RELIABILITY,0.88,2625.02,82,9
CUST_00168,HIGH_RELIABILITY,0.89,1570.2,48,5
CUST_00169,HIGH_RELIABILITY,0.97,10851.21,86,2
CUST_00170,LOW_RELIABILITY,0.49,865.27,69,35
CUST_00171,MEDIUM_RELIABILITY,0.76,4997.98,11,2
CUST_00172,HIGH_RELIABILITY,0.9,7073.92,59,5
CUST_00173,LOW_RELIABILITY,0.47,4387.78,10,5
CUST_00174,HIGH_RELIABILITY,0.95,1634.26,21,1
CUST_00175,MEDIUM_RELIABILITY,0.73,6445.67,38,10
CUST_00176,HIGH_RELIABILITY,0.94,12990.86,61,3
CUST_00177,MEDIUM_RELIABILITY,0.79,2047.88,59,12
CUST_00178,MEDIUM_RELIABILITY,0.67,6602.98,19,6
CUST_00179,HIGH_RELIABILITY,0.88,9200.86,93,11
CUST_00180,LOW_RELIABILITY,0.62,4113.22,74,28
CUST_00181,HIGH_RELIABILITY,0.92,10006.04,52,4
CUST_00182,MEDIUM_RELIABILITY,0.75,5683.36,23,5
CUST_00183,MEDIUM_RELIABILITY,0.86,4167.98,10,1
CUST_00184,HIGH_RELIABILITY,0.99,13674.91,10,0
CUST_00185,LOW_RELIABILITY,0.41,671.66,31,18
CUST_00186,MEDIUM_RELIABILITY,0.67,673.11,90,29
CUST_00187,HIGH_RELIABILITY,0.89,10562.09,76,8
CUST_00188,LOW_RELIABILITY,0.37,2369.03,57,35
CUST_00189,LOW_RELIABILITY,0.6,358.25,100,40
CUST_00190,HIGH_RELIABILITY,0.97,4945.97,35,1
CUST_00191,LOW_RELIABILITY,0.38,4937.81,27,16
CUST_00192,LOW_RELIABILITY,0.53,6166.81,8,3
CUST_00193,HIGH_RELIABILITY,0.96,12248.73,47,1
CUST_00194,MEDIUM_RELIABILITY,0.71,2185.68,57,16
CUST_00195,LOW_RELIABILITY,0.57,5686.48,99,42
CUST_00196,LOW_RELIABILITY,0.64,3005.8,39,14
CUST_00197,HIGH_RELIABILITY,0.92,11869.78,94,7
CUST_00198,HIGH_RELIABILITY,0.92,14030.6,9,0
CUST_00199,LOW_RELIABILITY,0.6,3117.16,33,13
CUST_00200,HIGH_RELIABILITY,0.96,11563.6,63,2
CUST_00201,HIGH_RELIABILITY,0.89,13635.74,34,3
CUST_00202,HIGH_RELIABILITY,0.94,12570.4,89,5
CUST_00203,HIGH_RELIABILITY,0.92,13537.33,47,3
CUST_00204,HIGH_RELIABILITY,0.92,1151.73,13,1
CUST_00205,LOW_RELIABILITY,0.61,820.75,40,15
CUST_00206,MEDIUM_RELIABILITY,0.72,9525.59,70,19
CUST_00207,MEDIUM_RELIABILITY,0.86,5947.66,73,10
CUST_00208,HIGH_RELIABILITY,0.95,7278.24,8,0
CUST_00209,HIGH_RELIABILITY,0.91,5601.3,38,3
CUST_00210,HIGH_RELIABILITY,0.95,11533.24,38,1
CUST_00211,HIGH_RELIABILITY,0.97,12054.65,81,2
CUST_00212,MEDIUM_RELIABILITY,0.67,5196.99,98,32
CUST_00213,MEDIUM_RELIABILITY,0.66,5720.52,60,20
CUST_00214,MEDIUM_RELIABILITY,0.75,8933.19,70,17
CUST_00215,HIGH_RELIABILITY,0.92,2638.94,78,6
CUST_00216,HIGH_RELIABILITY,0.9,11661.15,10,0
CUST_00217,MEDIUM_RELIABILITY,0.79,1460.67,5,1
CUST_00218,MEDIUM_RELIABILITY,0.67,7159.21,73,24
CUST_00219,MEDIUM_RELIABILITY,0.67,8307.67,99,32
CUST_00220,MEDIUM_RELIABILITY,0.81,1272.81,30,5
CUST_00221,MEDIUM_RELIABILITY,0.67,9873.08,13,4
CUST_00222,LOW_RELIABILITY,0.46,2720.37,47,25
CUST_00223,MEDIUM_RELIABILITY,0.83,9498.86,89,15
CUST_00224,LOW_RELIABILITY,0.64,5322.97,97,34
CUST_00225,LOW_RELIABILITY,0.46,767.8,69,37
CUST_00226,HIGH_RELIABILITY,0.97,8817.66,57,1
CUST_00227,HIGH_RELIABILITY,0.93,13688.96,94,6
CUST_00228,HIGH_RELIABILITY,0.89,7896.75,21,2
CUST_00229,HIGH_RELIABILITY,0.88,7561.25,90,10
CUST_00230,LOW_RELIABILITY,0.37,1007.96,91,57
CUST_00231,MEDIUM_RELIABILITY,0.68,6667.5,27,8
CUST_00232,MEDIUM_RELIABILITY,0.81,6042.0,43,8
CUST_00233,MEDIUM_RELIABILITY,0.86,4061.27,5,0
CUST_00234,HIGH_RELIABILITY,0.91,13160.39,31,2
CUST_00235,MEDIUM_RELIABILITY,0.7,9650.61,79,23
CUST_00236,MEDIUM_RELIABILITY,0.65,9713.85,46,16
CUST_00237,MEDIUM_RELIABILITY,0.66,8965.86,61,20
CUST_00238,MEDIUM_RELIABILITY,0.77,9933.17,70,16
CUST_00239,MEDIUM_RELIABILITY,0.67,5761.62,99,32
CUST_00240,HIGH_RELIABILITY,0.99,8323.37,15,0
CUST_00241,HIGH_RELIABILITY,0.95,10740.48,89,4
CUST_00242,MEDIUM_RELIABILITY,0.75,6461.8,47,11
CUST_00243,HIGH_RELIABILITY,0.94,13616.21,35,2
CUST_00244,MEDIUM_RELIABILITY,0.66,3169.15,33,11
CUST_00245,LOW_RELIABILITY,0.63,6253.79,23,8
CUST_00246,HIGH_RELIABILITY,0.93,9681.86,36,2
CUST_00247,LOW_RELIABILITY,0.43,1479.22,83,47
CUST_00248,LOW_RELIABILITY,0.48,2602.8,14,7
CUST_00249,MEDIUM_RELIABILITY,0.78,1238.48,85,18
CUST_00250,MEDIUM_RELIABILITY,0.86,9869.0,96,13
CUST_00251,MEDIUM_RELIABILITY,0.8,5592.92,68,13
CUST_00252,MEDIUM_RELIABILITY,0.72,8231.05,23,6
CUST_00253,MEDIUM_RELIABILITY,0.8,2044.86,5,0
CUST_00254,LOW_RELIABILITY,0.61,5793.25,18,7
CUST_00255,MEDIUM_RELIABILITY,0.86,7394.34,33,4
CUST_00256,HIGH_RELIABILITY,0.95,6855.4,94,4
CUST_00257,MEDIUM_RELIABILITY,0.86,8727.61,11,1
CUST_00258,MEDIUM_RELIABILITY,0.66,750.49,20,6
CUST_00259,MEDIUM_RELIABILITY,0.73,8200.26,64,17
CUST_00260,MEDIUM_RELIABILITY,0.87,1928.96,76,9
CUST_00261,MEDIUM_RELIABILITY,0.78,4118.46,61,13
CUST_00262,MEDIUM_RELIABILITY,0.86,8500.13,97,13
CUST_00263,LOW_RELIABILITY,0.59,3387.11,59,24
CUST_00264,LOW_RELIABILITY,0.47,2059.17,75,39
CUST_00265,MEDIUM_RELIABILITY,0.66,8714.86,25,8
CUST_00266,MEDIUM_RELIABILITY,0.83,9997.32,65,11
CUST_00267,MEDIUM_RELIABILITY,0.87,5776.6,36,4
CUST_00268,LOW_RELIABILITY,0.57,6624.41,40,17
CUST_00269,MEDIUM_RELIABILITY,0.84,2849.81,71,11
CUST_00270,MEDIUM_RELIABILITY,0.75,1727.01,35,8
CUST_00271,HIGH_RELIABILITY,0.98,9486.44,14,0
CUST_00272,MEDIUM_RELIABILITY,0.7,6881.16,35,10
CUST_00273,HIGH_RELIABILITY,0.95,6014.28,45,2
CUST_00274,LOW_RELIABILITY,0.38,4766.7,15,9
CUST_00275,HIGH_RELIABILITY,0.94,11812.46,34,2
CUST_00276,MEDIUM_RELIABILITY,0.76,8595.72,24,5
CUST_00277,MEDIUM_RELIABILITY,0.77,5828.91,13,2
CUST_00278,MEDIUM_RELIABILITY,0.84,4333.09,47,7
CUST_00279,MEDIUM_RELIABILITY,0.68,773.44,58,18
CUST_00280,HIGH_RELIABILITY,0.96,9684.33,58,2
CUST_00281,MEDIUM_RELIABILITY,0.8,2523.16,79,15
CUST_00282,LOW_RELIABILITY,0.39,298.9,7,4
CUST_00283,LOW_RELIABILITY,0.45,4211.44,78,42
CUST_00284,MEDIUM_RELIABILITY,0.74,4656.01,5,1
CUST_00285,LOW_RELIABILITY,0.61,2568.14,43,16
CUST_00286,MEDIUM_RELIABILITY,0.76,7944.7,58,13
CUST_00287,MEDIUM_RELIABILITY,0.74,6409.82,99,25
CUST_00288,MEDIUM_RELIABILITY,0.84,9520.45,82,13
CUST_00289,LOW_RELIABILITY,0.39,6500.8,67,40
CUST_00290,HIGH_RELIABILITY,0.93,4615.42,60,4
CUST_00291,MEDIUM_RELIABILITY,0.75,9810.31,54,13
CUST_00292,HIGH_RELIABILITY,0.93,5602.52,91,6
CUST_00293,MEDIUM_RELIABILITY,0.79,2781.38,97,20
CUST_00294,HIGH_RELIABILITY,0.89,2804.32,64,7
CUST_00295,LOW_RELIABILITY,0.39,1232.94,84,51
CUST_00296,MEDIUM_RELIABILITY,0.68,6588.31,55,17
CUST_00297,MEDIUM_RELIABILITY,0.69,3783.84,89,27
CUST_00298,HIGH_RELIABILITY,0.98,7635.46,87,1
CUST_00299,MEDIUM_RELIABILITY,0.8,2137.04,64,12
CUST_00300,HIGH_RELIABILITY,0.9,1572.16,38,3
CUST_00301,MEDIUM_RELIABILITY,0.69,3146.61,32,9
CUST_00302,MEDIUM_RELIABILITY,0.69,1342.67,48,14
CUST_00303,MEDIUM_RELIABILITY,0.68,4877.4,53,16
CUST_00304,HIGH_RELIABILITY,0.9,6099.78,58,5
CUST_00305,HIGH_RELIABILITY,0.94,10665.53,15,0
CUST_00306,MEDIUM_RELIABILITY,0.66,8094.4,100,34
CUST_00307,MEDIUM_RELIABILITY,0.79,1276.71,49,10
CUST_00308,HIGH_RELIABILITY,0.98,13892.21,13,0
CUST_00309,MEDIUM_RELIABILITY,0.66,3130.34,88,29
CUST_00310,HIGH_RELIABILITY,0.97,11475.64,8,0
CUST_00311,LOW_RELIABILITY,0.4,1623.58,30,18
CUST_00312,LOW_RELIABILITY,0.46,3494.76,84,45
CUST_00313,HIGH_RELIABILITY,0.95,6164.79,21,1
CUST_00314,MEDIUM_RELIABILITY,0.75,7600.97,19,4
CUST_00315,MEDIUM_RELIABILITY,0.66,2898.15,32,10
CUST_00316,MEDIUM_RELIABILITY,0.81,9004.46,37,7
CUST_00317,MEDIUM_RELIABILITY,0.76,5555.08,26,6
CUST_00318,MEDIUM_RELIABILITY,0.67,4750.42,100,32
CUST_00319,MEDIUM_RELIABILITY,0.77,2803.47,25,5
CUST_00320,LOW_RELIABILITY,0.43,2765.53,18,10
CUST_00321,MEDIUM_RELIABILITY,0.65,3559.75,44,15
CUST_00322,MEDIUM_RELIABILITY,0.7,3611.22,53,15
CUST_00323,MEDIUM_RELIABILITY,0.68,8960.01,96,30
CUST_00324,HIGH_RELIABILITY,0.95,10507.43,80,4
CUST_00325,MEDIUM_RELIABILITY,0.82,5235.2,85,15
CUST_00326,HIGH_RELIABILITY,0.89,8519.49,94,10
CUST_00327,MEDIUM_RELIABILITY,0.78,7581.68,92,20
CUST_00328,MEDIUM_RELIABILITY,0.74,1712.01,20,5
CUST_00329,MEDIUM_RELIABILITY,0.71,3949.28,77,22
CUST_00330,MEDIUM_RELIABILITY,0.79,5922.39,49,10
CUST_00331,MEDIUM_RELIABILITY,0.73,9871.89,89,24
CUST_00332,MEDIUM_RELIABILITY,0.78,2753.65,69,15
CUST_00333,MEDIUM_RELIABILITY,0.67,1952.16,6,1
CUST_00334,LOW_RELIABILITY,0.42,1292.63,67,38
CUST_00335,HIGH_RELIABILITY,0.9,4991.33,51,5
CUST_00336,MEDIUM_RELIABILITY,0.69,9019.27,63,19
CUST_00337,MEDIUM_RELIABILITY,0.67,5482.86,60,19
CUST_00338,HIGH_RELIABILITY,0.93,14753.3,71,4
CUST_00339,LOW_RELIABILITY,0.38,2905.42,39,24
CUST_00340,MEDIUM_RELIABILITY,0.86,8722.32,73,10
CUST_00341,MEDIUM_RELIABILITY,0.83,2950.08,64,10
CUST_00342,MEDIUM_RELIABILITY,0.69,6852.11,98,30
CUST_00343,MEDIUM_RELIABILITY,0.85,5789.25,46,6
CUST_00344,LOW_RELIABILITY,0.52,2103.86,16,7
CUST_00345,HIGH_RELIABILITY,0.96,3618.61,62,2
CUST_00346,HIGH_RELIABILITY,0.92,6956.11,64,5
CUST_00347,MEDIUM_RELIABILITY,0.76,2802.89,90,21
CUST_00348,MEDIUM_RELIABILITY,0.68,6300.89,8,2
CUST_00349,MEDIUM_RELIABILITY,0.71,6021.76,46,13
CUST_00350,HIGH_RELIABILITY,0.9,7735.96,32,3
CUST_00351,MEDIUM_RELIABILITY,0.77,992.32,38,8
CUST_00352,HIGH_RELIABILITY,0.92,2881.81,81,6
CUST_00353,MEDIUM_RELIABILITY,0.66,9904.62,40,13
CUST_00354,MEDIUM_RELIABILITY,0.72,8193.81,71,19
CUST_00355,LOW_RELIABILITY,0.42,4834.22,15,8
CUST_00356,HIGH_RELIABILITY,0.96,9338.94,57,2
CUST_00357,MEDIUM_RELIABILITY,0.75,4412.49,35,8
CUST_00358,MEDIUM_RELIABILITY,0.73,9330.53,87,23
CUST_00359,MEDIUM_RELIABILITY,0.83,9667.76,62,10
CUST_00360,MEDIUM_RELIABILITY,0.68,7443.24,16,5
CUST_00361,HIGH_RELIABILITY,0.98,3537.26,56,1
CUST_00362,MEDIUM_RELIABILITY,0.66,7540.65,44,14
CUST_00363,MEDIUM_RELIABILITY,0.78,8497.37,52,11
CUST_00364,MEDIUM_RELIABILITY,0.68,8055.04,72,23
CUST_00365,HIGH_RELIABILITY,0.9,3291.18,100,9
CUST_00366,MEDIUM_RELIABILITY,0.69,8238.46,50,15
CUST_00367,MEDIUM_RELIABILITY,0.8,5469.12,39,7
CUST_00368,HIGH_RELIABILITY,0.92,13280.81,34,2
CUST_00369,HIGH_RELIABILITY,0.92,12432.39,29,2
CUST_00370,HIGH_RELIABILITY,0.93,6277.22,100,6
CUST_00371,MEDIUM_RELIABILITY,0.75,3363.09,93,23
CUST_00372,HIGH_RELIABILITY,0.96,8038.09,32,1
CUST_00373,MEDIUM_RELIABILITY,0.7,9045.96,40,12
CUST_00374,MEDIUM_RELIABILITY,0.73,5663.75,72,19
CUST_00375,MEDIUM_RELIABILITY,0.85,6430.26,17,2
CUST_00376,LOW_RELIABILITY,0.38,6590.86,42,26
CUST_00377,HIGH_RELIABILITY,0.95,5688.68,27,1
CUST_00378,HIGH_RELIABILITY,0.9,12116.35,95,9
CUST_00379,MEDIUM_RELIABILITY,0.79,5567.88,40,8
CUST_00380,HIGH_RELIABILITY,0.98,12040.36,11,0
CUST_00381,MEDIUM_RELIABILITY,0.68,3461.36,94,30
CUST_00382,LOW_RELIABILITY,0.42,5258.83,86,49
CUST_00383,LOW_RELIABILITY,0.36,4075.25,67,42
CUST_00384,HIGH_RELIABILITY,0.96,13274.72,6,0
CUST_00385,MEDIUM_RELIABILITY,0.73,8301.94,65,17
CUST_00386,MEDIUM_RELIABILITY,0.67,8541.3,48,15
CUST_00387,HIGH_RELIABILITY,0.89,6562.02,11,1
CUST_00388,HIGH_RELIABILITY,0.97,3098.84,66,1
CUST_00389,HIGH_RELIABILITY,0.91,11111.54,13,1
CUST_00390,MEDIUM_RELIABILITY,0.81,6590.9,14,2
CUST_00391,MEDIUM_RELIABILITY,0.8,5655.88,92,18
CUST_00392,HIGH_RELIABILITY,0.91,5839.74,24,2
CUST_00393,LOW_RELIABILITY,0.4,6377.46,43,25
CUST_00394,HIGH_RELIABILITY,0.94,6611.92,36,2
CUST_00395,HIGH_RELIABILITY,0.93,14261.97,58,4
CUST_00396,MEDIUM_RELIABILITY,0.68,6069.18,84,26
CUST_00397,HIGH_RELIABILITY,0.94,9560.36,71,4
CUST_00398,MEDIUM_RELIABILITY,0.65,8785.18,61,21
CUST_00399,HIGH_RELIABILITY,0.98,8911.86,80,1
CUST_00400,LOW_RELIABILITY,0.55,6473.0,44,19
CUST_00401,MEDIUM_RELIABILITY,0.81,1949.12,12,2
CUST_00402,MEDIUM_RELIABILITY,0.78,6263.79,99,21
CUST_00403,HIGH_RELIABILITY,0.93,11310.22,31,2
CUST_00404,MEDIUM_RELIABILITY,0.86,9292.9,38,5
CUST_00405,MEDIUM_RELIABILITY,0.75,1575.76,25,6
CUST_00406,HIGH_RELIABILITY,0.99,12744.57,75,0
CUST_00407,HIGH_RELIABILITY,0.89,13891.79,5,0
CUST_00408,MEDIUM_RELIABILITY,0.84,5428.96,93,14
CUST_00409,MEDIUM_RELIABILITY,0.78,4290.53,42,9
CUST_00410,HIGH_RELIABILITY,0.89,5692.76,41,4
CUST_00411,MEDIUM_RELIABILITY,0.83,544.0,94,15
CUST_00412,LOW_RELIABILITY,0.45,2907.55,14,7
CUST_00413,MEDIUM_RELIABILITY,0.77,9238.63,38,8
CUST_00414,MEDIUM_RELIABILITY,0.73,3796.06,85,22
CUST_00415,MEDIUM_RELIABILITY,0.81,4796.07,30,5
CUST_00416,MEDIUM_RELIABILITY,0.7,4798.18,74,22
CUST_00417,HIGH_RELIABILITY,0.9,3469.42,24,2
CUST_00418,LOW_RELIABILITY,0.49,3048.69,23,11
CUST_00419,HIGH_RELIABILITY,0.98,6073.51,26,0
CUST_00420,MEDIUM_RELIABILITY,0.78,6506.51,81,17
CUST_00421,MEDIUM_RELIABILITY,0.65,6803.61,77,26
CUST_00422,LOW_RELIABILITY,0.4,6735.28,61,36
CUST_00423,HIGH_RELIABILITY,0.9,6804.74,93,9
CUST_00424,HIGH_RELIABILITY,0.89,14956.24,56,6
CUST_00425,LOW_RELIABILITY,0.5,4248.62,69,34
CUST_00426,MEDIUM_RELIABILITY,0.66,7624.62,61,20
CUST_00427,HIGH_RELIABILITY,0.9,13572.76,10,0
CUST_00428,LOW_RELIABILITY,0.41,1496.68,99,58
CUST_00429,HIGH_RELIABILITY,0.88,7608.94,37,4
CUST_00430,HIGH_RELIABILITY,0.94,1919.92,34,2
CUST_00431,LOW_RELIABILITY,0.57,3282.36,78,33
CUST_00432,MEDIUM_RELIABILITY,0.77,4687.25,7,1
CUST_00433,LOW_RELIABILITY,0.47,4005.55,91,48
CUST_00434,LOW_RELIABILITY,0.4,1437.11,78,46
CUST_00435,HIGH_RELIABILITY,0.97,14245.62,27,0
CUST_00436,MEDIUM_RELIABILITY,0.73,3072.07,88,23
CUST_00437,MEDIUM_RELIABILITY,0.79,4382.97,40,8
CUST_00438,HIGH_RELIABILITY,0.88,3186.14,79,9
CUST_00439,MEDIUM_RELIABILITY,0.81,6759.78,67,12
CUST_00440,LOW_RELIABILITY,0.36,1709.41,65,41
CUST_00441,HIGH_RELIABILITY,0.91,10406.5,47,4
CUST_00442,HIGH_RELIABILITY,0.88,2457.52,18,2
CUST_00443,LOW_RELIABILITY,0.58,1414.1,47,19
CUST_00444,MEDIUM_RELIABILITY,0.79,2762.74,68,14
CUST_00445,HIGH_RELIABILITY,0.89,4404.41,56,6
CUST_00446,LOW_RELIABILITY,0.56,6018.74,75,32
CUST_00447,HIGH_RELIABILITY,0.97,6560.57,16,0
CUST_00448,HIGH_RELIABILITY,0.95,3869.78,46,2
CUST_00449,HIGH_RELIABILITY,0.91,13548.7,56,5
CUST_00450,LOW_RELIABILITY,0.35,781.46,5,3
CUST_00451,MEDIUM_RELIABILITY,0.7,752.06,74,22
CUST_00452,MEDIUM_RELIABILITY,0.69,6038.89,11,3
CUST_00453,HIGH_RELIABILITY,0.93,13497.4,51,3
CUST_00454,MEDIUM_RELIABILITY,0.83,3747.26,68,11
CUST_00455,MEDIUM_RELIABILITY,0.71,4107.08,11,3
CUST_00456,HIGH_RELIABILITY,0.94,4752.89,75,4
CUST_00457,HIGH_RELIABILITY,0.95,6731.76,41,2
CUST_00458,MEDIUM_RELIABILITY,0.77,4643.2,94,21
CUST_00459,MEDIUM_RELIABILITY,0.71,9510.31,8,2
CUST_00460,LOW_RELIABILITY,0.57,1152.77,82,35
CUST_00461,MEDIUM_RELIABILITY,0.84,5130.6,95,15
CUST_00462,HIGH_RELIABILITY,0.98,12197.97,75,1
CUST_00463,HIGH_RELIABILITY,0.93,1314.57,57,3
CUST_00464,HIGH_RELIABILITY,0.91,8582.88,19,1
CUST_00465,MEDIUM_RELIABILITY,0.79,2949.93,20,4
CUST_00466,MEDIUM_RELIABILITY,0.68,8431.84,24,7
CUST_00467,MEDIUM_RELIABILITY,0.87,5494.06,96,12
CUST_00468,HIGH_RELIABILITY,0.9,4812.3,95,9
CUST_00469,HIGH_RELIABILITY,0.88,13800.18,66,7
CUST_00470,LOW_RELIABILITY,0.38,4120.31,36,22
CUST_00471,MEDIUM_RELIABILITY,0.71,5764.69,23,6
CUST_00472,MEDIUM_RELIABILITY,0.79,8382.55,81,17
CUST_00473,MEDIUM_RELIABILITY,0.7,604.46,22,6
CUST_00474,LOW_RELIABILITY,0.39,6320.13,40,24
CUST_00475,MEDIUM_RELIABILITY,0.84,6175.42,58,9
CUST_00476,HIGH_RELIABILITY,0.95,10310.51,69,3
CUST_00477,HIGH_RELIABILITY,0.9,13801.77,5,0
CUST_00478,HIGH_RELIABILITY,0.93,6363.94,43,3
CUST_00479,LOW_RELIABILITY,0.5,519.37,79,39
CUST_00480,LOW_RELIABILITY,0.4,5218.63,67,40
CUST_00481,LOW_RELIABILITY,0.37,4301.43,62,39
CUST_00482,MEDIUM_RELIABILITY,0.7,4198.31,49,14
CUST_00483,HIGH_RELIABILITY,0.91,5979.42,74,6
CUST_00484,MEDIUM_RELIABILITY,0.81,3322.66,46,8
CUST_00485,LOW_RELIABILITY,0.51,3437.14,94,46
CUST_00486,HIGH_RELIABILITY,0.95,14115.62,54,2
CUST_00487,HIGH_RELIABILITY,0.96,4009.17,57,2
CUST_00488,HIGH_RELIABILITY,0.88,4671.7,100,12
CUST_00489,MEDIUM_RELIABILITY,0.78,988.55,53,11
CUST_00490,MEDIUM_RELIABILITY,0.76,6170.01,89,21
CUST_00491,MEDIUM_RELIABILITY,0.72,7823.67,88,24
CUST_00492,LOW_RELIABILITY,0.38,710.94,68,42
CUST_00493,LOW_RELIABILITY,0.56,3569.34,21,9
CUST_00494,MEDIUM_RELIABILITY,0.8,4630.86,80,15
CUST_00495,HIGH_RELIABILITY,0.91,12467.43,17,1
CUST_00496,LOW_RELIABILITY,0.58,4923.94,61,25
CUST_00497,HIGH_RELIABILITY,0.91,9263.23,63,5
CUST_00498,HIGH_RELIABILITY,0.92,2282.15,23,1
CUST_00499,MEDIUM_RELIABILITY,0.85,1799.78,88,13
CUST_00500,LOW_RELIABILITY,0.63,3232.84,14,5
CUST_00501,MEDIUM_RELIABILITY,0.69,5648.06,38,11
CUST_00502,HIGH_RELIABILITY,0.98,11251.15,93,1
CUST_00503,MEDIUM_RELIABILITY,0.83,6758.44,15,2
CUST_00504,LOW_RELIABILITY,0.55,5974.53,91,40
CUST_00505,LOW_RELIABILITY,0.42,3528.09,53,30
CUST_00506,LOW_RELIABILITY,0.41,6916.14,85,50
CUST_00507,MEDIUM_RELIABILITY,0.86,874.55,67,9
CUST_00508,LOW_RELIABILITY,0.55,6491.69,9,4
CUST_00509,MEDIUM_RELIABILITY,0.69,5895.48,35,10
CUST_00510,MEDIUM_RELIABILITY,0.85,822.49,41,6
CUST_00511,LOW_RELIABILITY,0.55,2221.97,100,44
CUST_00512,HIGH_RELIABILITY,0.98,14594.82,17,0
CUST_00513,MEDIUM_RELIABILITY,0.86,5005.04,95,13
CUST_00514,LOW_RELIABILITY,0.6,5942.94,61,24
CUST_00515,HIGH_RELIABILITY,0.92,12604.82,43,3
CUST_00516,LOW_RELIABILITY,0.36,4254.64,10,6
CUST_00517,HIGH_RELIABILITY,0.91,2687.94,12,1
CUST_00518,HIGH_RELIABILITY,0.89,10748.04,52,5
CUST_00519,MEDIUM_RELIABILITY,0.72,7385.28,36,10
CUST_00520,MEDIUM_RELIABILITY,0.66,3495.26,77,26
CUST_00521,MEDIUM_RELIABILITY,0.77,8011.87,28,6
CUST_00522,HIGH_RELIABILITY,0.92,9762.48,15,1
CUST_00523,MEDIUM_RELIABILITY,0.84,6350.7,53,8
CUST_00524,MEDIUM_RELIABILITY,0.7,731.81,35,10
CUST_00525,MEDIUM_RELIABILITY,0.84,702.06,79,12
CUST_00526,HIGH_RELIABILITY,0.98,8405.12,64,1
CUST_00527,MEDIUM_RELIABILITY,0.86,8088.44,63,8
CUST_00528,HIGH_RELIABILITY,0.99,5909.97,6,0
CUST_00529,LOW_RELIABILITY,0.57,2933.13,64,27
CUST_00530,LOW_RELIABILITY,0.49,4467.04,91,46
CUST_00531,MEDIUM_RELIABILITY,0.84,9848.79,14,2
CUST_00532,MEDIUM_RELIABILITY,0.82,4468.78,49,8
CUST_00533,LOW_RELIABILITY,0.47,5215.56,43,22
CUST_00534,MEDIUM_RELIABILITY,0.7,1549.5,59,17
CUST_00535,MEDIUM_RELIABILITY,0.73,3228.77,63,17
CUST_00536,LOW_RELIABILITY,0.44,1788.53,30,16
CUST_00537,LOW_RELIABILITY,0.36,321.54,66,42
CUST_00538,HIGH_RELIABILITY,0.99,6988.82,53,0
CUST_00539,MEDIUM_RELIABILITY,0.73,6956.65,78,21
CUST_00540,HIGH_RELIABILITY,0.9,14299.46,94,9
CUST_00541,HIGH_RELIABILITY,0.97,2251.75,89,2
CUST_00542,MEDIUM_RELIABILITY,0.74,8851.62,6,1
CUST_00543,MEDIUM_RELIABILITY,0.86,4940.31,92,12
CUST_00544,MEDIUM_RELIABILITY,0.78,2086.82,11,2
CUST_00545,LOW_RELIABILITY,0.64,1775.37,100,36
CUST_00546,MEDIUM_RELIABILITY,0.86,6671.64,41,5
CUST_00547,MEDIUM_RELIABILITY,0.78,5370.54,34,7
CUST_00548,MEDIUM_RELIABILITY,0.7,2177.02,50,15
CUST_00549,HIGH_RELIABILITY,0.9,3610.14,29,2
CUST_00550,MEDIUM_RELIABILITY,0.82,3826.19,91,16
CUST_00551,MEDIUM_RELIABILITY,0.66,9706.47,89,30
CUST_00552,MEDIUM_RELIABILITY,0.84,9313.65,22,3
CUST_00553,MEDIUM_RELIABILITY,0.87,2152.0,85,11
CUST_00554,MEDIUM_RELIABILITY,0.74,7703.27,44,11
CUST_00555,MEDIUM_RELIABILITY,0.8,1962.01,9,1
CUST_00556,MEDIUM_RELIABILITY,0.83,2632.19,98,16
CUST_00557,HIGH_RELIABILITY,0.9,8517.64,42,4
CUST_00558,HIGH_RELIABILITY,0.95,9121.21,58,2
CUST_00559,HIGH_RELIABILITY,0.89,13284.45,21,2
CUST_00560,MEDIUM_RELIABILITY,0.71,1730.39,51,14
CUST_00561,MEDIUM_RELIABILITY,0.85,9578.69,39,5
CUST_00562,LOW_RELIABILITY,0.6,5704.71,37,14
CUST_00563,LOW_RELIABILITY,0.54,3945.83,66,30
CUST_00564,LOW_RELIABILITY,0.38,2977.48,42,26
CUST_00565,MEDIUM_RELIABILITY,0.73,2967.66,48,12
CUST_00566,LOW_RELIABILITY,0.56,3571.95,64,28
CUST_00567,LOW_RELIABILITY,0.37,1697.25,23,14
CUST_00568,MEDIUM_RELIABILITY,0.8,1223.24,33,6
CUST_00569,LOW_RELIABILITY,0.6,3567.0,97,38
CUST_00570,MEDIUM_RELIABILITY,0.76,6127.87,55,13
CUST_00571,LOW_RELIABILITY,0.59,2565.1,76,31
CUST_00572,MEDIUM_RELIABILITY,0.8,5874.45,55,10
CUST_00573,HIGH_RELIABILITY,0.91,13300.82,73,6
CUST_00574,HIGH_RELIABILITY,0.97,10218.33,52,1
CUST_00575,MEDIUM_RELIABILITY,0.84,8739.29,91,14
CUST_00576,HIGH_RELIABILITY,0.96,12718.19,53,2
CUST_00577,LOW_RELIABILITY,0.55,4824.96,52,23
CUST_00578,HIGH_RELIABILITY,0.95,11538.03,34,1
CUST_00579,MEDIUM_RELIABILITY,0.68,8868.27,84,26
CUST_00580,LOW_RELIABILITY,0.6,398.88,76,30
CUST_00581,HIGH_RELIABILITY,0.97,2804.18,83,2
CUST_00582,HIGH_RELIABILITY,0.92,11409.12,13,1
CUST_00583,MEDIUM_RELIABILITY,0.69,8270.69,64,19
CUST_00584,LOW_RELIABILITY,0.59,3650.78,43,17
CUST_00585,MEDIUM_RELIABILITY,0.65,3226.86,19,6
CUST_00586,HIGH_RELIABILITY,0.95,14736.61,9,0
CUST_00587,HIGH_RELIABILITY,0.95,4637.25,68,3
CUST_00588,HIGH_RELIABILITY,0.95,8559.8,35,1
CUST_00589,LOW_RELIABILITY,0.58,927.47,22,9
CUST_00590,MEDIUM_RELIABILITY,0.82,5642.03,52,9
CUST_00591,MEDIUM_RELIABILITY,0.86,3747.79,100,14
CUST_00592,MEDIUM_RELIABILITY,0.79,9354.27,74,15
CUST_00593,MEDIUM_RELIABILITY,0.67,9403.67,100,32
CUST_00594,MEDIUM_RELIABILITY,0.8,1144.45,58,11
CUST_00595,MEDIUM_RELIABILITY,0.72,7227.63,67,18
CUST_00596,MEDIUM_RELIABILITY,0.66,6030.62,40,13
CUST_00597,HIGH_RELIABILITY,0.92,9692.82,52,4
CUST_00598,HIGH_RELIABILITY,0.89,13201.52,61,6
CUST_00599,LOW_RELIABILITY,0.63,6788.37,51,18
CUST_00600,HIGH_RELIABILITY,0.96,2821.21,92,3
CUST_00601,MEDIUM_RELIABILITY,0.82,733.58,87,15
CUST_00602,MEDIUM_RELIABILITY,0.65,3574.3,55,19
CUST_00603,HIGH_RELIABILITY,0.93,11785.7,20,1
CUST_00604,LOW_RELIABILITY,0.55,3232.14,63,28
CUST_00605,HIGH_RELIABILITY,0.91,14959.74,32,2
CUST_00606,MEDIUM_RELIABILITY,0.74,4788.18,81,21
CUST_00607,LOW_RELIABILITY,0.4,5604.7,11,6
CUST_00608,MEDIUM_RELIABILITY,0.8,2597.31,36,7
CUST_00609,LOW_RELIABILITY,0.37,4827.4,77,48
CUST_00610,HIGH_RELIABILITY,0.95,4825.63,75,3
CUST_00611,HIGH_RELIABILITY,0.98,3114.81,32,0
CUST_00612,LOW_RELIABILITY,0.48,6616.59,34,17
CUST_00613,HIGH_RELIABILITY,0.93,9939.36,23,1
CUST_00614,MEDIUM_RELIABILITY,0.74,3105.04,81,21
CUST_00615,HIGH_RELIABILITY,0.99,6730.68,23,0
CUST_00616,LOW_RELIABILITY,0.61,1763.69,74,28
CUST_00617,HIGH_RELIABILITY,0.9,1435.88,27,2
CUST_00618,HIGH_RELIABILITY,0.95,6159.37,8,0
CUST_00619,HIGH_RELIABILITY,0.98,7624.94,50,1
CUST_00620,MEDIUM_RELIABILITY,0.86,2262.49,35,4
CUST_00621,MEDIUM_RELIABILITY,0.84,7877.67,7,1
CUST_00622,HIGH_RELIABILITY,0.96,12826.97,11,0
CUST_00623,HIGH_RELIABILITY,0.96,9767.08,58,2
CUST_00624,MEDIUM_RELIABILITY,0.68,809.0,100,31
CUST_00625,HIGH_RELIABILITY,0.98,9633.1,62,1
CUST_00626,MEDIUM_RELIABILITY,0.83,5074.46,70,11
CUST_00627,MEDIUM_RELIABILITY,0.68,1689.27,62,19
CUST_00628,MEDIUM_RELIABILITY,0.8,4587.91,83,16
CUST_00629,HIGH_RELIABILITY,0.9,7882.32,89,8
CUST_00630,MEDIUM_RELIABILITY,0.66,6028.73,63,21
CUST_00631,MEDIUM_RELIABILITY,0.71,8076.81,8,2
CUST_00632,HIGH_RELIABILITY,0.91,7373.08,66,5
CUST_00633,LOW_RELIABILITY,0.35,692.64,59,38
CUST_00634,MEDIUM_RELIABILITY,0.74,5059.42,67,17
CUST_00635,MEDIUM_RELIABILITY,0.78,3270.79,61,13
CUST_00636,HIGH_RELIABILITY,0.96,13041.71,15,0
CUST_00637,HIGH_RELIABILITY,0.97,1554.66,23,0
CUST_00638,HIGH_RELIABILITY,0.93,2469.02,40,2
CUST_00639,MEDIUM_RELIABILITY,0.7,9873.29,79,23
CUST_00640,MEDIUM_RELIABILITY,0.68,5239.44,46,14
CUST_00641,MEDIUM_RELIABILITY,0.79,7173.42,81,17
CUST_00642,MEDIUM_RELIABILITY,0.77,592.82,63,14
CUST_00643,MEDIUM_RELIABILITY,0.72,5418.26,60,16
CUST_00644,HIGH_RELIABILITY,0.89,5908.78,94,10
CUST_00645,HIGH_RELIABILITY,0.88,2100.1,88,10
CUST_00646,MEDIUM_RELIABILITY,0.74,1760.8,75,19
CUST_00647,MEDIUM_RELIABILITY,0.77,7049.92,32,7
CUST_00648,MEDIUM_RELIABILITY,0.83,2401.43,34,5
CUST_00649,MEDIUM_RELIABILITY,0.69,1493.39,63,19
CUST_00650,MEDIUM_RELIABILITY,0.79,7211.52,98,20
CUST_00651,HIGH_RELIABILITY,0.88,14106.97,59,7
CUST_00652,HIGH_RELIABILITY,0.89,8578.15,37,4
CUST_00653,MEDIUM_RELIABILITY,0.81,8774.21,24,4
CUST_00654,MEDIUM_RELIABILITY,0.81,8116.42,65,12
CUST_00655,HIGH_RELIABILITY,0.92,12407.55,15,1
CUST_00656,HIGH_RELIABILITY,0.89,13527.43,17,1
CUST_00657,MEDIUM_RELIABILITY,0.77,8264.33,52,11
CUST_00658,LOW_RELIABILITY,0.48,4576.33,76,39
CUST_00659,HIGH_RELIABILITY,0.94,11242.25,76,4
CUST_00660,MEDIUM_RELIABILITY,0.67,1073.34,90,29
CUST_00661,HIGH_RELIABILITY,0.91,3233.63,50,4
CUST_00662,LOW_RELIABILITY,0.6,1690.66,59,23
CUST_00663,LOW_RELIABILITY,0.63,2490.89,97,35
CUST_00664,HIGH_RELIABILITY,0.9,12055.78,41,4
CUST_00665,MEDIUM_RELIABILITY,0.79,5232.86,50,10
CUST_00666,HIGH_RELIABILITY,0.94,11068.82,69,4
CUST_00667,HIGH_RELIABILITY,0.91,14948.67,89,8
CUST_00668,MEDIUM_RELIABILITY,0.86,6678.09,18,2
CUST_00669,MEDIUM_RELIABILITY,0.69,6962.17,76,23
CUST_00670,MEDIUM_RELIABILITY,0.67,791.2,40,13
CUST_00671,MEDIUM_RELIABILITY,0.71,4894.92,59,17
CUST_00672,LOW_RELIABILITY,0.6,5144.75,84,33
CUST_00673,MEDIUM_RELIABILITY,0.81,4542.19,87,16
CUST_00674,MEDIUM_RELIABILITY,0.73,4024.87,82,22
CUST_00675,LOW_RELIABILITY,0.64,472.74,93,33
CUST_00676,HIGH_RELIABILITY,0.98,9101.46,28,0
CUST_00677,HIGH_RELIABILITY,0.93,11153.61,44,3
CUST_00678,LOW_RELIABILITY,0.49,6139.28,49,24
CUST_00679,HIGH_RELIABILITY,0.98,6904.09,23,0
CUST_00680,MEDIUM_RELIABILITY,0.71,6127.33,56,16
CUST_00681,HIGH_RELIABILITY,0.98,3949.27,99,1
CUST_00682,MEDIUM_RELIABILITY,0.79,6499.82,8,1
CUST_00683,HIGH_RELIABILITY,0.96,2841.95,72,2
CUST_00684,HIGH_RELIABILITY,0.96,13726.46,58,2
CUST_00685,MEDIUM_RELIABILITY,0.69,2756.66,25,7
CUST_00686,MEDIUM_RELIABILITY,0.86,2219.28,97,13
CUST_00687,HIGH_RELIABILITY,0.97,7891.89,77,2
CUST_00688,MEDIUM_RELIABILITY,0.7,8772.12,11,3
CUST_00689,HIGH_RELIABILITY,0.93,8207.44,84,5
CUST_00690,HIGH_RELIABILITY,0.92,9301.31,15,1
CUST_00691,HIGH_RELIABILITY,0.9,6475.14,89,8
CUST_00692,MEDIUM_RELIABILITY,0.86,2952.27,82,11
CUST_00693,MEDIUM_RELIABILITY,0.79,3589.31,39,8
CUST_00694,HIGH_RELIABILITY,0.97,2832.23,70,2
CUST_00695,HIGH_RELIABILITY,0.99,7353.05,60,0
CUST_00696,HIGH_RELIABILITY,0.91,2028.95,91,8
CUST_00697,MEDIUM_RELIABILITY,0.69,5437.85,67,20
CUST_00698,MEDIUM_RELIABILITY,0.72,8374.39,44,12
CUST_00699,HIGH_RELIABILITY,0.93,4482.0,55,3
CUST_00700,LOW_RELIABILITY,0.53,5006.09,12,5
CUST_00701,HIGH_RELIABILITY,0.9,3346.67,43,4
CUST_00702,LOW_RELIABILITY,0.36,5207.53,22,14
CUST_00703,MEDIUM_RELIABILITY,0.8,5008.99,42,8
CUST_00704,HIGH_RELIABILITY,0.97,12279.38,5,0
CUST_00705,MEDIUM_RELIABILITY,0.78,8748.58,60,13
CUST_00706,HIGH_RELIABILITY,0.9,2566.87,53,5
CUST_00707,MEDIUM_RELIABILITY,0.71,1042.33,34,9
CUST_00708,MEDIUM_RELIABILITY,0.77,9397.75,90,20
CUST_00709,LOW_RELIABILITY,0.36,1030.35,14,8
CUST_00710,MEDIUM_RELIABILITY,0.75,9371.81,99,24
CUST_00711,HIGH_RELIABILITY,0.91,8101.29,7,0
CUST_00712,MEDIUM_RELIABILITY,0.66,1909.26,14,4
CUST_00713,LOW_RELIABILITY,0.64,6762.81,78,28
CUST_00714,MEDIUM_RELIABILITY,0.65,9542.21,56,19
CUST_00715,MEDIUM_RELIABILITY,0.79,8745.22,58,12
CUST_00716,HIGH_RELIABILITY,0.93,8218.34,56,3
CUST_00717,HIGH_RELIABILITY,0.93,10336.1,46,3
CUST_00718,HIGH_RELIABILITY,0.9,1419.63,84,8
CUST_00719,MEDIUM_RELIABILITY,0.72,7194.47,93,26
CUST_00720,LOW_RELIABILITY,0.41,4779.34,16,9
CUST_00721,MEDIUM_RELIABILITY,0.86,1392.06,18,2
CUST_00722,HIGH_RELIABILITY,0.95,7212.5,80,4
CUST_00723,MEDIUM_RELIABILITY,0.84,2182.92,15,2
CUST_00724,MEDIUM_RELIABILITY,0.8,8462.1,44,8
CUST_00725,MEDIUM_RELIABILITY,0.86,6990.86,33,4
CUST_00726,HIGH_RELIABILITY,0.93,9649.86,26,1
CUST_00727,HIGH_RELIABILITY,0.98,8988.54,86,1
CUST_00728,HIGH_RELIABILITY,0.88,14033.28,70,8
CUST_00729,HIGH_RELIABILITY,0.96,10471.19,49,1
CUST_00730,MEDIUM_RELIABILITY,0.7,6759.41,87,26
CUST_00731,LOW_RELIABILITY,0.46,4628.38,35,18
CUST_00732,HIGH_RELIABILITY,0.89,10209.83,37,4
CUST_00733,HIGH_RELIABILITY,0.99,1674.97,82,0
CUST_00734,HIGH_RELIABILITY,0.99,6696.71,88,0
CUST_00735,HIGH_RELIABILITY,0.98,11953.4,85,1
CUST_00736,MEDIUM_RELIABILITY,0.77,7515.27,77,17
CUST_00737,MEDIUM_RELIABILITY,0.84,4339.33,62,9
CUST_00738,MEDIUM_RELIABILITY,0.72,6842.14,77,21
CUST_00739,MEDIUM_RELIABILITY,0.83,7741.71,84,14
CUST_00740,HIGH_RELIABILITY,0.97,7098.17,85,2
CUST_00741,HIGH_RELIABILITY,0.97,2682.93,61,1
CUST_00742,HIGH_RELIABILITY,0.94,1080.62,61,3
CUST_00743,MEDIUM_RELIABILITY,0.72,3981.38,40,11
CUST_00744,MEDIUM_RELIABILITY,0.74,7106.94,50,13
CUST_00745,MEDIUM_RELIABILITY,0.74,4762.59,44,11
CUST_00746,MEDIUM_RELIABILITY,0.7,4045.89,9,2
CUST_00747,HIGH_RELIABILITY,0.9,2024.74,41,4
CUST_00748,HIGH_RELIABILITY,0.95,10354.98,16,0
CUST_00749,MEDIUM_RELIABILITY,0.79,4903.19,69,14
CUST_00750,MEDIUM_RELIABILITY,0.73,8701.67,79,21
CUST_00751,MEDIUM_RELIABILITY,0.76,5052.23,99,23
CUST_00752,LOW_RELIABILITY,0.36,2520.49,62,39
CUST_00753,LOW_RELIABILITY,0.46,2911.99,78,42
CUST_00754,MEDIUM_RELIABILITY,0.78,5569.22,46,10
CUST_00755,MEDIUM_RELIABILITY,0.78,7766.39,69,15
CUST_00756,HIGH_RELIABILITY,0.97,11053.72,12,0
CUST_00757,MEDIUM_RELIABILITY,0.86,673.21,48,6
CUST_00758,LOW_RELIABILITY,0.41,251.43,15,8
CUST_00759,MEDIUM_RELIABILITY,0.79,9031.29,27,5
CUST_00760,HIGH_RELIABILITY,0.91,13978.48,95,8
CUST_00761,MEDIUM_RELIABILITY,0.66,9377.14,61,20
CUST_00762,MEDIUM_RELIABILITY,0.73,1463.5,83,22
CUST_00763,HIGH_RELIABILITY,0.93,4594.87,52,3
CUST_00764,LOW_RELIABILITY,0.43,2289.57,54,30
CUST_00765,MEDIUM_RELIABILITY,0.83,5622.03,48,8
CUST_00766,MEDIUM_RELIABILITY,0.72,6298.17,11,3
CUST_00767,MEDIUM_RELIABILITY,0.81,3089.93,87,16
CUST_00768,HIGH_RELIABILITY,0.93,2706.41,47,3
CUST_00769,HIGH_RELIABILITY,0.9,10535.65,91,9
CUST_00770,MEDIUM_RELIABILITY,0.69,5489.05,37,11
CUST_00771,MEDIUM_RELIABILITY,0.81,1515.33,89,16
CUST_00772,LOW_RELIABILITY,0.51,1944.63,82,40
CUST_00773,LOW_RELIABILITY,0.63,3488.11,47,17
CUST_00774,HIGH_RELIABILITY,0.97,8703.17,89,2
CUST_00775,HIGH_RELIABILITY,0.88,9864.12,49,5
CUST_00776,HIGH_RELIABILITY,0.98,9422.57,88,1
CUST_00777,MEDIUM_RELIABILITY,0.83,8899.96,55,9
CUST_00778,HIGH_RELIABILITY,0.91,3968.63,95,8
CUST_00779,LOW_RELIABILITY,0.53,2994.99,44,20
CUST_00780,MEDIUM_RELIABILITY,0.83,9050.22,87,14
CUST_00781,MEDIUM_RELIABILITY,0.73,2750.27,21,5
CUST_00782,MEDIUM_RELIABILITY,0.82,3110.66,99,17
CUST_00783,LOW_RELIABILITY,0.59,3081.42,72,29
CUST_00784,HIGH_RELIABILITY,0.95,2337.49,90,4
CUST_00785,MEDIUM_RELIABILITY,0.79,4791.79,51,10
CUST_00786,HIGH_RELIABILITY,0.94,3352.2,44,2
CUST_00787,HIGH_RELIABILITY,0.96,13079.16,32,1
CUST_00788,HIGH_RELIABILITY,0.9,2340.0,67,6
CUST_00789,HIGH_RELIABILITY,0.88,9987.6,22,2
CUST_00790,HIGH_RELIABILITY,0.95,8653.76,42,2
CUST_00791,LOW_RELIABILITY,0.42,2858.16,17,9
CUST_00792,MEDIUM_RELIABILITY,0.78,5219.29,74,16
CUST_00793,LOW_RELIABILITY,0.64,1127.79,72,25
CUST_00794,HIGH_RELIABILITY,0.96,6660.46,48,1
CUST_00795,LOW_RELIABILITY,0.47,5079.66,84,44
CUST_00796,HIGH_RELIABILITY,0.96,14877.58,53,2
CUST_00797,HIGH_RELIABILITY,0.89,2457.54,28,3
CUST_00798,LOW_RELIABILITY,0.56,4133.03,84,36
CUST_00799,LOW_RELIABILITY,0.43,740.05,26,14
CUST_00800,MEDIUM_RELIABILITY,0.67,8994.81,10,3
CUST_00801,MEDIUM_RELIABILITY,0.69,3572.03,91,28
CUST_00802,MEDIUM_RELIABILITY,0.7,3872.46,61,18
CUST_00803,MEDIUM_RELIABILITY,0.67,5431.07,100,32
CUST_00804,MEDIUM_RELIABILITY,0.66,8103.39,34,11
CUST_00805,MEDIUM_RELIABILITY,0.7,5630.11,44,13
CUST_00806,LOW_RELIABILITY,0.61,4625.97,65,25
CUST_00807,LOW_RELIABILITY,0.5,2405.47,29,14
CUST_00808,MEDIUM_RELIABILITY,0.72,6860.13,78,21
CUST_00809,LOW_RELIABILITY,0.64,4700.51,64,23
CUST_00810,MEDIUM_RELIABILITY,0.77,7441.18,53,12
CUST_00811,MEDIUM_RELIABILITY,0.75,1071.35,58,14
CUST_00812,LOW_RELIABILITY,0.51,6711.85,30,14
CUST_00813,LOW_RELIABILITY,0.4,4892.03,22,13
CUST_00814,LOW_RELIABILITY,0.41,3843.63,11,6
CUST_00815,MEDIUM_RELIABILITY,0.67,4778.52,52,17
CUST_00816,MEDIUM_RELIABILITY,0.82,3801.93,18,3
CUST_00817,MEDIUM_RELIABILITY,0.8,8056.77,71,14
CUST_00818,LOW_RELIABILITY,0.62,1795.57,41,15
CUST_00819,HIGH_RELIABILITY,0.92,3133.82,25,1
CUST_00820,HIGH_RELIABILITY,0.99,13978.01,70,0
CUST_00821,HIGH_RELIABILITY,0.94,12788.47,60,3
CUST_00822,HIGH_RELIABILITY,0.94,9730.2,33,1
CUST_00823,LOW_RELIABILITY,0.38,5335.84,49,30
CUST_00824,LOW_RELIABILITY,0.39,5817.26,58,35
CUST_00825,HIGH_RELIABILITY,0.97,10922.43,69,2
CUST_00826,MEDIUM_RELIABILITY,0.66,3379.72,54,18
CUST_00827,LOW_RELIABILITY,0.43,2648.93,52,29
CUST_00828,HIGH_RELIABILITY,0.89,14117.41,45,4
CUST_00829,LOW_RELIABILITY,0.51,2277.57,96,47
CUST_00830,MEDIUM_RELIABILITY,0.74,4748.42,23,5
CUST_00831,HIGH_RELIABILITY,0.95,8219.51,41,2
CUST_00832,LOW_RELIABILITY,0.62,3579.35,65,24
CUST_00833,MEDIUM_RELIABILITY,0.87,8588.54,22,2
CUST_00834,MEDIUM_RELIABILITY,0.7,9340.65,65,19
CUST_00835,MEDIUM_RELIABILITY,0.68,8265.77,5,1
CUST_00836,LOW_RELIABILITY,0.46,6170.23,7,3
CUST_00837,HIGH_RELIABILITY,0.98,12282.96,24,0
CUST_00838,MEDIUM_RELIABILITY,0.82,3394.45,98,17
CUST_00839,MEDIUM_RELIABILITY,0.67,4328.31,59,19
CUST_00840,HIGH_RELIABILITY,0.9,10729.32,41,4
CUST_00841,HIGH_RELIABILITY,0.92,14658.54,20,1
CUST_00842,HIGH_RELIABILITY,0.95,12514.73,58,2
CUST_00843,MEDIUM_RELIABILITY,0.68,8689.14,84,26
CUST_00844,MEDIUM_RELIABILITY,0.85,5127.09,19,2
CUST_00845,LOW_RELIABILITY,0.53,5400.71,68,31
CUST_00846,MEDIUM_RELIABILITY,0.69,5274.38,7,2
CUST_00847,MEDIUM_RELIABILITY,0.74,1890.55,78,20
CUST_00848,HIGH_RELIABILITY,0.92,1954.41,23,1
CUST_00849,HIGH_RELIABILITY,0.88,2892.33,5,0
CUST_00850,MEDIUM_RELIABILITY,0.86,5720.53,35,4
CUST_00851,MEDIUM_RELIABILITY,0.86,4608.73,28,3
CUST_00852,MEDIUM_RELIABILITY,0.72,5308.35,15,4
CUST_00853,MEDIUM_RELIABILITY,0.75,1503.81,51,12
CUST_00854,HIGH_RELIABILITY,0.95,4024.53,72,3
CUST_00855,MEDIUM_RELIABILITY,0.79,6676.91,69,14
CUST_00856,MEDIUM_RELIABILITY,0.68,1082.82,54,17
CUST_00857,LOW_RELIABILITY,0.58,3326.64,10,4
CUST_00858,MEDIUM_RELIABILITY,0.66,9951.23,52,17
CUST_00859,HIGH_RELIABILITY,0.89,10730.49,7,0
CUST_00860,MEDIUM_RELIABILITY,0.87,2772.21,13,1
CUST_00861,HIGH_RELIABILITY,0.9,2699.39,98,9
CUST_00862,MEDIUM_RELIABILITY,0.72,1459.94,18,5
CUST_00863,MEDIUM_RELIABILITY,0.8,1091.77,99,19
CUST_00864,MEDIUM_RELIABILITY,0.76,9968.62,22,5
CUST_00865,HIGH_RELIABILITY,0.97,9613.07,74,2
CUST_00866,HIGH_RELIABILITY,0.91,9734.54,87,7
CUST_00867,HIGH_RELIABILITY,0.94,6965.17,92,5
CUST_00868,MEDIUM_RELIABILITY,0.68,8922.74,94,30
CUST_00869,MEDIUM_RELIABILITY,0.75,2348.91,28,7
CUST_00870,LOW_RELIABILITY,0.46,3016.08,13,7
CUST_00871,MEDIUM_RELIABILITY,0.83,7469.34,63,10
CUST_00872,HIGH_RELIABILITY,0.96,1154.44,30,1
CUST_00873,HIGH_RELIABILITY,0.93,7738.82,30,2
CUST_00874,LOW_RELIABILITY,0.36,1966.73,45,28
CUST_00875,LOW_RELIABILITY,0.57,1132.35,70,30
CUST_00876,MEDIUM_RELIABILITY,0.77,2544.42,74,17
CUST_00877,MEDIUM_RELIABILITY,0.65,2791.41,9,3
CUST_00878,MEDIUM_RELIABILITY,0.86,8114.6,29,4
CUST_00879,HIGH_RELIABILITY,0.99,7829.96,11,0
CUST_00880,LOW_RELIABILITY,0.38,3926.12,47,29
CUST_00881,HIGH_RELIABILITY,0.93,12821.0,52,3
CUST_00882,MEDIUM_RELIABILITY,0.67,5138.29,56,18
CUST_00883,MEDIUM_RELIABILITY,0.68,3584.42,54,17
CUST_00884,HIGH_RELIABILITY,0.96,7664.25,28,1
CUST_00885,MEDIUM_RELIABILITY,0.73,4247.52,68,18
CUST_00886,MEDIUM_RELIABILITY,0.75,7957.66,71,17
CUST_00887,HIGH_RELIABILITY,0.98,14374.69,15,0
CUST_00888,MEDIUM_RELIABILITY,0.82,3496.37,15,2
CUST_00889,MEDIUM_RELIABILITY,0.8,4657.23,28,5
CUST_00890,MEDIUM_RELIABILITY,0.71,8488.28,46,13
CUST_00891,HIGH_RELIABILITY,0.88,13624.67,46,5
CUST_00892,MEDIUM_RELIABILITY,0.75,6553.41,44,11
CUST_00893,MEDIUM_RELIABILITY,0.8,9003.62,96,19
CUST_00894,MEDIUM_RELIABILITY,0.79,6332.37,93,19
CUST_00895,MEDIUM_RELIABILITY,0.66,5424.88,62,21
CUST_00896,HIGH_RELIABILITY,0.9,11324.07,50,4
CUST_00897,MEDIUM_RELIABILITY,0.76,6962.16,60,14
CUST_00898,HIGH_RELIABILITY,0.88,2187.09,12,1
CUST_00899,HIGH_RELIABILITY,0.96,2009.18,86,3
CUST_00900,MEDIUM_RELIABILITY,0.67,615.03,70,23
CUST_00901,LOW_RELIABILITY,0.63,5215.06,91,33
CUST_00902,HIGH_RELIABILITY,0.92,5151.5,8,0
CUST_00903,HIGH_RELIABILITY,0.92,11845.15,82,6
CUST_00904,MEDIUM_RELIABILITY,0.8,2259.36,61,12
CUST_00905,HIGH_RELIABILITY,0.9,2377.54,13,1
CUST_00906,HIGH_RELIABILITY,0.95,11701.22,87,4
CUST_00907,MEDIUM_RELIABILITY,0.71,698.98,54,15
CUST_00908,LOW_RELIABILITY,0.37,6781.45,9,5
CUST_00909,MEDIUM_RELIABILITY,0.71,7807.62,91,26
CUST_00910,MEDIUM_RELIABILITY,0.79,4128.43,52,10
CUST_00911,MEDIUM_RELIABILITY,0.7,1653.17,14,4
CUST_00912,MEDIUM_RELIABILITY,0.79,7859.02,72,15
CUST_00913,MEDIUM_RELIABILITY,0.79,5537.87,45,9
CUST_00914,MEDIUM_RELIABILITY,0.66,9700.64,36,12
CUST_00915,LOW_RELIABILITY,0.58,2191.19,8,3
CUST_00916,MEDIUM_RELIABILITY,0.87,6217.88,68,8
CUST_00917,MEDIUM_RELIABILITY,0.78,7606.7,76,16
CUST_00918,HIGH_RELIABILITY,0.97,10190.7,38,1
CUST_00919,MEDIUM_RELIABILITY,0.68,3713.54,32,10
CUST_00920,LOW_RELIABILITY,0.62,1727.39,41,15
CUST_00921,MEDIUM_RELIABILITY,0.73,4604.73,67,18
CUST_00922,HIGH_RELIABILITY,0.93,9581.15,22,1
CUST_00923,LOW_RELIABILITY,0.62,1836.71,62,23
CUST_00924,HIGH_RELIABILITY,0.89,3764.59,96,10
CUST_00925,MEDIUM_RELIABILITY,0.85,6635.2,16,2
CUST_00926,LOW_RELIABILITY,0.43,5748.44,45,25
CUST_00927,MEDIUM_RELIABILITY,0.84,8541.89,95,15
CUST_00928,HIGH_RELIABILITY,0.98,4531.37,74,1
CUST_00929,HIGH_RELIABILITY,0.96,7447.55,43,1
CUST_00930,LOW_RELIABILITY,0.59,5153.74,96,39
CUST_00931,MEDIUM_RELIABILITY,0.82,6733.54,94,16
CUST_00932,MEDIUM_RELIABILITY,0.69,5677.76,51,15
CUST_00933,MEDIUM_RELIABILITY,0.87,9405.19,20,2
CUST_00934,LOW_RELIABILITY,0.36,1320.74,22,14
CUST_00935,HIGH_RELIABILITY,0.89,11163.72,68,7
CUST_00936,HIGH_RELIABILITY,0.97,3989.16,75,2
CUST_00937,MEDIUM_RELIABILITY,0.76,8486.68,64,15
CUST_00938,LOW_RELIABILITY,0.56,3887.21,75,32
CUST_00939,HIGH_RELIABILITY,0.94,8117.05,16,0
CUST_00940,HIGH_RELIABILITY,0.91,8910.31,55,4
CUST_00941,LOW_RELIABILITY,0.55,6138.6,97,43
CUST_00942,MEDIUM_RELIABILITY,0.79,7730.65,57,11
CUST_00943,MEDIUM_RELIABILITY,0.69,4884.8,78,24
CUST_00944,HIGH_RELIABILITY,0.88,4453.5,45,5
CUST_00945,MEDIUM_RELIABILITY,0.81,9922.19,62,11
CUST_00946,MEDIUM_RELIABILITY,0.67,4314.2,71,23
CUST_00947,HIGH_RELIABILITY,0.97,3856.5,75,2
CUST_00948,MEDIUM_RELIABILITY,0.77,7464.18,28,6
CUST_00949,MEDIUM_RELIABILITY,0.79,2286.23,21,4
CUST_00950,MEDIUM_RELIABILITY,0.73,7946.02,12,3
CUST_00951,LOW_RELIABILITY,0.51,235.56,71,34
CUST_00952,HIGH_RELIABILITY,0.96,1494.36,26,1
CUST_00953,HIGH_RELIABILITY,0.96,3834.73,95,3
CUST_00954,HIGH_RELIABILITY,0.99,6151.17,71,0
CUST_00955,LOW_RELIABILITY,0.44,1212.44,15,8
CUST_00956,HIGH_RELIABILITY,0.91,13273.11,86,7
CUST_00957,LOW_RELIABILITY,0.64,2704.5,40,14
CUST_00958,HIGH_RELIABILITY,0.93,11108.99,43,3
CUST_00959,MEDIUM_RELIABILITY,0.84,6133.92,16,2
CUST_00960,MEDIUM_RELIABILITY,0.74,4419.91,26,6
CUST_00961,MEDIUM_RELIABILITY,0.8,530.57,79,15
CUST_00962,HIGH_RELIABILITY,0.95,5976.9,89,4
CUST_00963,MEDIUM_RELIABILITY,0.82,1383.41,82,14
CUST_00964,HIGH_RELIABILITY,0.94,7733.62,77,4
CUST_00965,HIGH_RELIABILITY,0.95,1907.95,8,0
CUST_00966,HIGH_RELIABILITY,0.94,8860.78,87,5
CUST_00967,MEDIUM_RELIABILITY,0.77,6233.13,38,8
CUST_00968,MEDIUM_RELIABILITY,0.8,8147.4,78,15
CUST_00969,MEDIUM_RELIABILITY,0.71,8337.97,86,24
CUST_00970,HIGH_RELIABILITY,0.93,2078.82,85,5
CUST_00971,MEDIUM_RELIABILITY,0.66,3675.26,87,29
CUST_00972,LOW_RELIABILITY,0.58,5012.23,66,27
CUST_00973,HIGH_RELIABILITY,0.97,8241.77,92,2
CUST_00974,MEDIUM_RELIABILITY,0.75,1900.8,63,15
CUST_00975,HIGH_RELIABILITY,0.92,7076.27,12,0
CUST_00976,HIGH_RELIABILITY,0.89,4088.57,58,6
CUST_00977,MEDIUM_RELIABILITY,0.78,7488.8,31,6
CUST_00978,HIGH_RELIABILITY,0.99,14063.59,23,0
CUST_00979,HIGH_RELIABILITY,0.95,6897.47,96,4
CUST_00980,HIGH_RELIABILITY,0.95,11999.12,49,2
CUST_00981,LOW_RELIABILITY,0.38,2987.35,21,13
CUST_00982,MEDIUM_RELIABILITY,0.83,4146.41,70,11
CUST_00983,MEDIUM_RELIABILITY,0.78,6083.81,45,9
CUST_00984,HIGH_RELIABILITY,0.9,6071.3,20,1
CUST_00985,HIGH_RELIABILITY,0.92,1366.75,36,2
CUST_00986,HIGH_RELIABILITY,0.88,12643.76,11,1
CUST_00987,HIGH_RELIABILITY,0.91,8253.1,54,4
CUST_00988,LOW_RELIABILITY,0.44,6596.62,58,32
CUST_00989,HIGH_RELIABILITY,0.91,7015.2,25,2
CUST_00990,LOW_RELIABILITY,0.6,5925.15,78,31
CUST_00991,MEDIUM_RELIABILITY,0.69,8125.11,29,8
CUST_00992,MEDIUM_RELIABILITY,0.75,5088.2,68,17
CUST_00993,LOW_RELIABILITY,0.39,748.09,64,39
CUST_00994,MEDIUM_RELIABILITY,0.81,5216.38,44,8
CUST_00995,MEDIUM_RELIABILITY,0.75,7430.33,16,4
CUST_00996,LOW_RELIABILITY,0.57,1280.58,69,29
CUST_00997,MEDIUM_RELIABILITY,0.78,1785.86,35,7
CUST_00998,HIGH_RELIABILITY,0.96,10197.37,50,2
CUST_00999,HIGH_RELIABILITY,0.99,1965.41,41,0
CUST_01000,MEDIUM_RELIABILITY,0.66,3180.78,88,29
